<CD seriale='B6B41B' durata='61:01'>
    <Titolo>Discovery</Titolo>
    <Artista>Daft Punk</Artista>
    <Data_Pubblicazione>09/03/2001</Data_Pubblicazione>
    <Tracce>
        <_01>
        <Titolo>One More Time</Titolo>
        <Durata>05:20</Durata>
        </_01>
        <_02>
        <Titolo>Aerodynamic</Titolo>
        <Durata>03:27</Durata>
        </_02>
        <_03>
        <Titolo>Digital Love</Titolo>
        <Durata>04:58</Durata>
        </_03>
        <_04>
        <Titolo>Harder, Better, Faster, Stronger</Titolo>
        <Durata>03:45</Durata>
        </_04>
        <_05>
        <Titolo>Crescendolls</Titolo>
        <Durata>03:31</Durata>
        </_05>
        <_06>
        <Titolo>Nightvision</Titolo>
        <Durata>01:44</Durata>
        </_06>
        <_07>
        <Titolo>Superheroes</Titolo>
        <Durata>03:57</Durata>
        </_07>
        <_08>
        <Titolo>High Life</Titolo>
        <Durata>03:22</Durata>
        </_08>
        <_09>
        <Titolo>Something About Us</Titolo>
        <Durata>03:51</Durata>
        </_09>
        <_10>
        <Titolo>Voyager</Titolo>
        <Durata>03:47</Durata>
        </_10>
        <_11>
        <Titolo>Veridis Quo</Titolo>
        <Durata>05:44</Durata>
        </_11>
        <_12>
        <Titolo>Short Circuit</Titolo>
        <Durata>03:26</Durata>
        </_12>
        <_13>
        <Titolo>Face to Face</Titolo>
        <Durata>03:58</Durata>
        </_13>
        <_14>
        <Titolo>Too Long</Titolo>
        <Durata>10:00</Durata>
        </_14>
    </Tracce>
    <Genere>French House</Genere>
    <Etichetta>Virgin Records</Etichetta>
    <Produttore>Thomas Bangalter</Produttore>
    <Produttore>Guy-Manuel de Homem-Christo</Produttore>
</CD>