<Lettera formato='A4' pagine='1' carattere='Times New Roman'>
    <Mittente>CAPO TECUMSEH</Mittente>
    <Destinatario>Frank Dakota</Destinatario>
    <Data>27/04/2009</Data>
    <Luogo>Dakota</Luogo>
    <Testo>
        Vivi la tua vita in maniera tale che la paura della morte non possa mai entrare nel tuo cuore. Non attaccare nessuno per la sua religione; rispetta le idee degli altri, e chiedi che essi rispettino le tue. Ama la tua vita, migliora la tua vita, abbellisci le cose che essa ti da. Cerca di vivere a lungo e di avere come scopo quello di servire il tuo popolo. Prepara una nobile canzone di morte per il giorno in cui ti incamminerai verso la grande separazione. Rivolgi sempre una parola od un saluto quando incontri un amico, anche se straniero, in un posto solitario. Mostra rispetto per tutte le persone e non umiliarti davanti a nessuno. Quando ti svegli al mattino ringrazia per il cibo e per la gioia della vita. Se non trovi nessun motivo per ringraziare, la colpa giace solo in te stesso. Non abusare di niente e di nessuno, per farlo cambia le cose sagge in quelle sciocche e priva lo spirito delle sue visioni. Quando arriverà il tuo momento di morire, non essere come quelli i cui cuori sono pieni di paura, e quando arriverà il loro momento essi piangeranno e pregheranno per avere un 'altro poco di tempo per vivere la loro vita in maniera diversa. Canta la tua canzone della morte e muori come un eroe che sta tornando alla casa.</Testo>
    <Firma>CAPO TECUMSEH</Firma>
</Lettera>