<videogame_series name='FINAL FANTASY' producer='SQUARESOFT, SQUARE ENIX'>
	<chapters>
		<FFI console=' Nintendo Entertainment System, Game Boy Advance'>
			<name>FINAL FANTASY I</name>
			<release_date>1987</release_date>
			<character>Warrior</character>
			<character>Thief</character>
			<character>Monk</character>
			<character>Black Mage</character>
			<character>White Mage</character>
			<character>Red Mage</character>
		</FFI>
		<FFII console=' Nintendo Entertainment System, Game Boy Advance'>
			<name>FINAL FANTASY II</name>
			<release_date>1988</release_date>
			<character>Firion</character>
			<character>Maria</character>
			<character>Guy</character>
			<character>Leon</character>
		</FFII>
		<FFIII console=' Nintendo Entertainment System'>
			<name>FINAL FANTASY III</name>
			<release_date>1990</release_date>
			<character>Luneth</character>
			<character>Arc</character>
			<character>Refia</character>
			<character>Ingus</character>
		</FFIII>
		<FFIV console='Super Nintendo Entertainment System'>
			<name>FINAL FANTASY IV</name>
			<release_date>1991</release_date>
			<character>Cecil Harvey</character>
			<character>Kain Highwind</character>
			<character>Rosa Farrell</character>
			<character>Cid Pollendina</character>
			<character>Rydia</character>
			<character>Tella</character>
			<character>Gilbart Chris von Mui</character>
			<character>Palom</character>
			<character>Yang Phang Leiden</character>
			<character>Edward "Edge" Geraldine</character>
			<character>Fusuya</character>
		</FFIV>
		<FFV console='SNES, PlayStation'>
			<name>FINAL FANTASY V</name>
			<release_date>1992</release_date>
			<character>Bartz</character>
			<character>Lenna</character>
			<character>Galuf</character>
			<character>Faris</character>
			<character>Krile</character>
		</FFV>
		<FFVI console='SNES, PlayStation'>
			<name>FINAL FANTASY VI</name>
			<release_date>1994</release_date>
			<character>Terra Branford</character>
			<character>Locke Cole</character>
			<character>Celes Chere</character>
			<character>Shadow</character>
			<character>Edgar Figaro</character>
			<character>Sabin Figaro</character>
			<character>Cyan Garamonde</character>
			<character>Setzer Gabbiani</character>
			<character>Gau</character>
			<character>Strago Magus</character>
			<character>Relm Arrowny</character>
			<character>Mog</character>
			<character>Umaro</character>
			<character>Gogo</character>
		</FFVI>
		<FFVII console='PlayStation'>
			<name>FINAL FANTASY VII</name>
			<release_date>1997</release_date>
			<character>Cloud Strife</character>
			<character>Tifa Lockhart</character>
			<character>Barret Wallace</character>
			<character>Aerith Gainsborough</character>
			<character>Cid Highwind</character>
			<character>Sephiroth</character>
			<character>Cait Sith</character>
			<character>Red XIII/Nanaki</character>
			<character>Yuffie Kisaragi</character>
			<character>Vincent Valentine</character>
		</FFVII>
		<FFVIII console='PlayStation'>
			<name>FINAL FANTASY VIII</name>
			<release_date>1999</release_date>
			<character>Squall Leonhart</character>
			<character>Rinoa Heartilly</character>
			<character>Zell Dincht</character>
			<character>Irvine Kinneas</character>
			<character>Quistis Trepe</character>
			<character>Selphie Tilmitt</character>
			<character>Seifer Almasy</character>
		</FFVIII>
		<FFIX console='PlayStation'>
			<name>FINAL FANTASY IX</name>
			<release_date>2000</release_date>
			<character>Gidan Tribal</character>
			<character>Vivi Orunitia</character>
			<character>Garnet Til Alexandros XVII</character>
			<character>Adalberto Steiner</character>
			<character>Freija Crescent</character>
			<character>Quina Quen</character>
			<character>Eiko Carol</character>
			<character>Amarant Coral</character>
		</FFIX>
		<FFX console='PlayStation 2'>
			<name>FINAL FANTASY X</name>
			<release_date>2001</release_date>
			<character>Tidus</character>
			<character>Yuna</character>
			<character>Wakka</character>
			<character>Lulu</character>
			<character>Auron</character>
			<character>Rikku</character>
			<character>Kimahri Ronso</character>
			<character>Seymour Guado</character>
		</FFX>
		<FFXI console='PlayStation 2, Xbox 360, PC'>
			<name>FINAL FANTASY XI</name>
			<release_date>2002</release_date>
			<breed>Elvaan</breed>
			<breed>Hume</breed>
			<breed>Galka</breed>
			<breed>Mithra</breed>
			<breed>Tarutaru</breed>
		</FFXI>
		<FFXII console='PlayStation 2'>
			<name>FINAL FANTASY XII</name>
			<release_date>2006</release_date>
			<character>Vaan</character>
			<character>Ashelia B'nargin Dalmasca</character>
			<character>Sir Basch von Rosenburg</character>
			<character>Penelo</character>
			<character>Balthier</character>
			<character>Fran</character>
		</FFXII>
		<FFXIII console='PlayStation 3, Xbox 360, PC'>
			<name>FINAL FANTASY XIII</name>
			<release_date>2009</release_date>
			<character>Lightning</character>
			<character>Snow</character>
			<character>Sazh</character>
			<character>Hope</character>
			<character>Vanille</character>
			<character>Fang</character>
		</FFXIII>
		<FFXIV console='PlayStation 3, PC'>
			<name>FINAL FANTASY XIV</name>
			<release_date>2010</release_date>
			<breed>Hyur</breed>
			<breed>Elezen</breed>
			<breed>Lalafell</breed>
			<breed>Miqo'te</breed>
			<breed>Roegadyn</breed>
			<breed>Au-Ra</breed>
		</FFXIV>
		<FFXV console='PlayStation 4, Xbox One, PC'>
			<name>FINAL FANTASY XV</name>
			<release_date>2016</release_date>
			<character>Noctis Lucis Caelum</character>
			<character>Ignis Scientia</character>
			<character>Gladiolus Amicitia</character>
			<character>Prompto Argentum</character>
			<character>Regis Lucis Caleum CXIII</character>
			<character>Lunafreya Nox Fleuret</character>
		</FFXV>
		<FFXVI console='PlayStation 5'>
			<name>FINAL FANTASY XVI</name>
			<release_date>2023</release_date>
			<character>Clive Rosefield</character>
			<character>Joshua Rosefield</character>
			<character>Jill Warrick</character>
			<character>Torgal</character>
			<character>Cidolfus Telamon</character>
			<character>Hugo Kupka</character>
			<character>Benedikta Harman</character>
			<character>Dion Lesage</character>
			<character>Barnabas Tharmr</character>
		</FFXVI>
	</chapters>
</videogame_series>