Track name,Track Leight,Release Date,Album,
Daftendirekt,2:44,20/01/1997,Homework,
"WDPK 83.7, FM",0:28,20/01/1997,Homework,
Revolution 909,5:26,20/01/1997,Homework,
Da Funk,5:28,20/01/1997,Homework,
Phœnix,4:55,20/01/1997,Homework,
Fresh,4:03,20/01/1997,Homework,
Around the World,7:07,20/01/1997,Homework,
Rollin' & Scratchin',7:26,20/01/1997,Homework,
Teachers,2:52,20/01/1997,Homework,
High Fidelity,6:00,20/01/1997,Homework,
Rock'n Roll,7:32,20/01/1997,Homework,
Oh Yeah,2:00,20/01/1997,Homework,
Burnin',6:53,20/01/1997,Homework,
Indo Silver Club,4:32,20/01/1997,Homework,
Alive,5:15,20/01/1997,Homework,
Funk Ad,0:50,20/01/1997,Homework,
Alive 1997,45:31,06/11/1997,Alive 1997,
One More Time,5:20,09/03/2001,Discovery,
Aerodynamic,3:27,09/03/2001,Discovery,
Digital Love,4:58,09/03/2001,Discovery,
"Harder, Better, Faster, Stronger",3:45,09/03/2001,Discovery,
Crescendolls,3:31,09/03/2001,Discovery,
Nightvision,1:44,09/03/2001,Discovery,
Superheroes,3:57,09/03/2001,Discovery,
High Life,3:22,09/03/2001,Discovery,
Something About Us,3:51,09/03/2001,Discovery,
Voyager,3:47,09/03/2001,Discovery,
Veridis Quo,5:44,09/03/2001,Discovery,
Short Circuit,3:26,09/03/2001,Discovery,
Face to Face,3:58,09/03/2001,Discovery,
Too Long,10:00,09/03/2001,Discovery,
Human After All,5:20,14/03/2005,Human After All,
The Prime Time of Your Life,4:23,14/03/2005,Human After All,
Robot Rock,4:26,14/03/2005,Human After All,
Steam Machine,5:21,14/03/2005,Human After All,
Make Love,4:49,14/03/2005,Human After All,
The Brainwasher,4:08,14/03/2005,Human After All,
On/Off,0:19,14/03/2005,Human After All,
Television Rules the Nation,4:46,14/03/2005,Human After All,
Technologic,4:43,14/03/2005,Human After All,
Emotion,6:57,14/03/2005,Human After All,
Robot Rock/Oh Yeah,6:27,20/11/2007,Alive 2007,
Touch It/Technologic,5:29,20/11/2007,Alive 2007,
Television Rules the Nation/Crescendolls,4:50,20/11/2007,Alive 2007,
Too Long/Steam Machine,7:01,20/11/2007,Alive 2007,
Around the World/Harder Better Faster Stronger,5:42,20/11/2007,Alive 2007,
Burnin'/Too Long,7:11,20/11/2007,Alive 2007,
Face to Face/Short Circuit,4:55,20/11/2007,Alive 2007,
One More Time/Aerodynamic,6:10,20/11/2007,Alive 2007,
"Aerodynamic Beats/Gabrielle, Forget About the World",3:31,20/11/2007,Alive 2007,
Prime Time of Your Life/Brainwasher/Rollin' and Scratchin'/Alive,10:22,20/11/2007,Alive 2007,
Da Funk/Dadftendirekt,6:36,20/11/2007,Alive 2007,
Superheroes/Human After All/Rock'n Roll,5:41,20/11/2007,Alive 2007,
Human/Together/One More Time (Reprise)/Music Sounds Better with You,9:58,20/11/2007,Alive 2007,
Overture,2:30,22/12/2010,Tron: Legacy (Original Motion Picture Soundtrack),
The Grid,1:36,22/12/2010,Tron: Legacy (Original Motion Picture Soundtrack),
The Son of Flynn,1:35,22/12/2010,Tron: Legacy (Original Motion Picture Soundtrack),
Recognizer,2:37,22/12/2010,Tron: Legacy (Original Motion Picture Soundtrack),
Armory,2:02,22/12/2010,Tron: Legacy (Original Motion Picture Soundtrack),
Arena,1:33,22/12/2010,Tron: Legacy (Original Motion Picture Soundtrack),
Rinzler,2:17,22/12/2010,Tron: Legacy (Original Motion Picture Soundtrack),
The Game Has Changed,3:25,22/12/2010,Tron: Legacy (Original Motion Picture Soundtrack),
Outlands,2:42,22/12/2010,Tron: Legacy (Original Motion Picture Soundtrack),
Adagio for Tron,4:11,22/12/2010,Tron: Legacy (Original Motion Picture Soundtrack),
Nocturne,1:41,22/12/2010,Tron: Legacy (Original Motion Picture Soundtrack),
End of Line,2:36,22/12/2010,Tron: Legacy (Original Motion Picture Soundtrack),
Derezzed,1:44,22/12/2010,Tron: Legacy (Original Motion Picture Soundtrack),
Fall,1:22,22/12/2010,Tron: Legacy (Original Motion Picture Soundtrack),
Solar Sailer,2:42,22/12/2010,Tron: Legacy (Original Motion Picture Soundtrack),
Rectifier,2:14,22/12/2010,Tron: Legacy (Original Motion Picture Soundtrack),
Disc Wars,4:11,22/12/2010,Tron: Legacy (Original Motion Picture Soundtrack),
C.L.U.,4:39,22/12/2010,Tron: Legacy (Original Motion Picture Soundtrack),
Arrival,2:00,22/12/2010,Tron: Legacy (Original Motion Picture Soundtrack),
Flynn Lives,3:22,22/12/2010,Tron: Legacy (Original Motion Picture Soundtrack),
Tron Legacy (End Titles),3:17,22/12/2010,Tron: Legacy (Original Motion Picture Soundtrack),
Finale,4:23,22/12/2010,Tron: Legacy (Original Motion Picture Soundtrack),
Sea of Simulation,2:40,22/12/2010,Tron: Legacy (Original Motion Picture Soundtrack),
Encom Part 2,2:15,22/12/2010,Tron: Legacy (Original Motion Picture Soundtrack),
Encom Part 1,3:51,22/12/2010,Tron: Legacy (Original Motion Picture Soundtrack),
Round One,1:38,22/12/2010,Tron: Legacy (Original Motion Picture Soundtrack),
Castor,2:18,22/12/2010,Tron: Legacy (Original Motion Picture Soundtrack),
Reflections,2:36,22/12/2010,Tron: Legacy (Original Motion Picture Soundtrack),
Sunrise Prelude,2:55,22/12/2010,Tron: Legacy (Original Motion Picture Soundtrack),
Give Life Back to Music,4:34,17/05/2013,Random Access Memories,
The Game of Love,5:21,17/05/2013,Random Access Memories,
Giorgio by Moroder,9:04,17/05/2013,Random Access Memories,
Within,3:48,17/05/2013,Random Access Memories,
Instant Crush,5:37,17/05/2013,Random Access Memories,
Lose Yourself to Dance,5:53,17/05/2013,Random Access Memories,
Touch,8:18,17/05/2013,Random Access Memories,
Get Lucky,6:07,17/05/2013,Random Access Memories,
Beyond,4:50,17/05/2013,Random Access Memories,
Motherboard,5:41,17/05/2013,Random Access Memories,
Fragments of Time,4:39,17/05/2013,Random Access Memories,
Doin' It Right,4:11,17/05/2013,Random Access Memories,
Contact,6:21,17/05/2013,Random Access Memories,
Horizon,4:24,17/05/2013,Random Access Memories,