{"Registi": [
{
  "Nome": "Martin Scorsese",
  "Film": [
    "Chi sta bussando alla mia porta (Who's That Knocking at My Door) (1967)", "America 1929 - Sterminateli senza pietà (Boxcar Bertha) (1972)",
"Mean Streets - Domenica in chiesa, lunedì all'inferno (Mean Streets) (1973)",
"Alice non abita più qui (Alice Doesn't Live Here Anymore) (1974)",
"Taxi Driver (1976)", "New York, New York (1977)","Toro scatenato (Raging Bull) (1980)", "Re per una notte (The King of Comedy) (1983)", "Fuori orario (After Hours) (1985)", "Il colore dei soldi (The Color of Money) (1986)", "L'ultima tentazione di Cristo (The Last Temptation of Christ) (1988)", "Quei bravi ragazzi (Goodfellas) (1990)", "Cape Fear - Il promontorio della paura (Cape Fear) (1991)", "L'età dell'innocenza (The Age of Innocence) (1993)", "Casinò (Casino) (1995)", "Kundun (1997)", "Al di là della vita (Bringing Out the Dead) (1999)", "Gangs of New York (2002)", "The Aviator (2004)", "The Departed - Il bene e il male (The Departed) (2006)", "Shutter Island (2010)", "Hugo Cabret (Hugo) (2011)", "The Wolf of Wall Street (2013)", "Silence (2016)", "The Irishman (2019)"],
  "Premi Oscar": [
   "1981 - Candidato per miglior regista per Toro scatenato",
"1989 - Candidato per miglior regista per L'ultima tentazione di Cristo",
"1991 - Candidato per miglior regista per Quei bravi ragazzi",
"1991 - Candidato per miglior sceneggiatura non originale per Quei bravi ragazzi",
"1994 - Candidato per miglior sceneggiatura non originale per L'età dell'innocenza",
"2003 - Candidato per miglior regista per Gangs of New York",
"2005 - Candidato per miglior regista per The Aviator",
"2007 - Miglior regista per The Departed - Il bene e il male",
"2012 - Candidato per miglior film per Hugo Cabret",
"2012 - Candidato per miglior regista per Hugo Cabret",
"2014 - Candidato per miglior film per The Wolf of Wall Street",
"2014 - Candidato per miglior regista per The Wolf of Wall Street",
"2020 - Candidato per miglior film per The Irishman",
"2020 - Candidato per miglior regista per The Irishman"
  ]
},
{
  "Nome": "Steven Spielberg",
  "Film": [
    "Duel (1971)", "Sugarland Express (The Sugarland Express) (1974)", "Lo squalo (Jaws) (1975)", "Incontri ravvicinati del terzo tipo (Close Encounters of the Third Kind) (1977)", "1941 - Allarme a Hollywood (1941) (1979)", "I predatori dell'arca perduta (Raiders of the Lost Ark) (1981)", "E.T. l'extra-terrestre (E.T. the Extra-Terrestrial) (1982)", "Indiana Jones e il tempio maledetto (Indiana Jones and the Temple of Doom) (1984)", "Il colore viola (The Color Purple) (1985)", "L'impero del sole (Empire of the Sun) (1987)", "Always - Per sempre (Always) (1989)", "Indiana Jones e l'ultima crociata (Indiana Jones and the Last Crusade) (1989)", "Hook - Capitan Uncino (Hook) (1991)", "Jurassic Park (1993)", "Schindler's List - La lista di Schindler (Schindler's List) (1993)", "Il mondo perduto - Jurassic Park (The Lost World: Jurassic Park) (1997)", "Amistad (1997)", "Salvate il soldato Ryan (Saving Private Ryan) (1998)", "A.I. - Intelligenza artificiale (A.I. Artificial Intelligence) (2001)", "Minority Report (2002)", "Prova a prendermi (Catch Me If You Can) (2002)", "The Terminal (2004)", "La guerra dei mondi (War of the Worlds) (2005)", "Munich (2005)", "Indiana Jones e il regno del teschio di cristallo (Indiana Jones and the Kingdom of the Crystal Skull) (2008)", "Le avventure di Tintin - Il segreto dell'Unicorno (The Adventures of Tintin: The Secret of the Unicorn) (2011)", "War Horse (2011)", 
"Lincoln (2012)", "Il ponte delle spie (Bridge of Spies) (2015)", "Il GGG - Il grande gigante gentile (The BFG) (2016)","The Post (2017)","Ready Player One (2018)","West Side Story (2021)","The Fabelmans (2022)"],
  "Premi Oscar": [
   "1987 - Oscar alla memoria Irving G. Thalberg",
"1994 - Oscar al miglior film",
"1994 - Oscar al miglior regista",
"1999 - Oscar al miglior regista"
  ]
},
  {
  "Nome": "Woody Allen",
  "Film": [
    "Ciao Pussy1cat (What's New Pussycat?) (1965)","Che fai, rubi? (What's Up, Tiger Lily?) (1966)","Prendi i soldi e scappa (Take the Money and Run) (1969)","Il dittatore dello stato libero di Bananas (Bananas) (1971)","Tutto quello che avreste voluto sapere sul sesso* (*ma non avete mai osato chiedere) (Everything You Always Wanted to Know About Sex* (*But Were Afraid to Ask)) (1972)","Il dormiglione (Sleeper) (1973)","Amore e guerra (Love and Death) (1975)","Io e Annie (Annie Hall) (1977)","Interiors (1978)","Manhattan (1979)","Stardust Memories (1980)","Una commedia sexy in una notte di mezza estate (A Midsummer Night's Sex Comedy) (1982)","Zelig (1983)","Broadway Danny Rose (1984)","La rosa purpurea del Cairo (The Purple Rose of Cairo) (1985)","Hannah e le sue sorelle (Hannah and Her Sisters) (1986)","Radio Days (1987)","Settembre (September) (1987)","Un'altra donna (Another Woman) (1988)","New York Stories, episodio Edipo relitto (Oedipus Wrecks) (1989)","Crimini e misfatti (Crimes and Misdemeanors) (1989)",
"Alice (1990)","Ombre e nebbia (Shadows and Fog) (1991)","Mariti e mogli (Husbands and Wives) (1992)","Misterioso omicidio a Manhattan (Manhattan Murder Mystery) (1993)","Pallottole su Broadway (Bullets Over Broadway) (1994)","La dea dell'amore (Mighty Aphrodite) (1995)","Tutti dicono I Love You (Everyone Says I Love You) (1996)","Harry a pezzi (Deconstructing Harry) (1997)","Celebrity (1998)","Accordi e disaccordi (Sweet and Lowdown) (1999)",
"Criminali da strapazzo (Small Time Crooks) (2000)","La maledizione dello scorpione di giada (The Curse of the Jade Scorpion) (2001)","Hollywood Ending (2002)","Anything Else (2003)","Melinda e Melinda (Melinda and Melinda) (2004)","Match Point (2005)","Scoop (2006)","Sogni e delitti (Cassandra's Dream) (2007)","Vicky Cristina Barcelona (2008)","Basta che funzioni (Whatever Works) (2009)","Incontrerai l'uomo dei tuoi sogni (You Will Meet a Tall Dark Stranger) (2010)","Midnight in Paris (2011)","To Rome with Love (2012)","Blue Jasmine (2013)","Magic in the Moonlight (2014)","Irrational Man (2015)","Café Society (2016)","La ruota delle meraviglie - Wonder Wheel (Wonder Wheel) (2017)","Un giorno di pioggia a New York (A Rainy Day in New York) (2019)","Rifkin's Festival (2020)"],
  "Premi Oscar": [
   "1977 – Miglior regista per Io e Annie","1977 – Migliore sceneggiatura originale per Io e Annie","1977 – Candidatura al miglior attore protagonista per Io e Annie","1978 – Candidatura al miglior regista per Interiors","1978 – Candidatura alla migliore sceneggiatura originale per Interiors","1979 – Candidatura alla migliore sceneggiatura originale per Manhattan","1984 – Candidatura al miglior regista per Broadway Danny Rose","1984 – Candidatura alla migliore sceneggiatura originale per Broadway Danny Rose","1985 – Candidatura alla migliore sceneggiatura originale per La rosa purpurea del Cairo","1986 – Candidatura al miglior regista per Hannah e le sue sorelle","1986 – Migliore sceneggiatura originale per Hannah e le sue sorelle","1987 – Candidatura alla migliore sceneggiatura originale per Radio Days","1989 – Candidatura al miglior regista per Crimini e misfatti","1989 – Candidatura alla migliore sceneggiatura originale per Crimini e misfatti","1990 – Candidatura alla migliore sceneggiatura originale per Alice","1992 – Candidatura alla migliore sceneggiatura originale per Mariti e mogli","1994 – Candidatura al miglior regista per Pallottole su Broadway","1995 – Candidatura alla migliore sceneggiatura originale per Pallottole su Broadway","1995 – Candidatura alla migliore sceneggiatura originale per La dea dell'amore","1997 – Candidatura alla migliore sceneggiatura originale per Harry a pezzi","2005 – Candidatura alla migliore sceneggiatura originale per Match Point","2012 – Candidatura al miglior regista per Midnight in Paris","2012 – Migliore sceneggiatura originale per Midnight in Paris","2013 – Candidatura alla migliore sceneggiatura originale per Blue Jasmine"
  ]
},
{
  "Nome": "Francis Ford Coppola",
  "Film": [
    "Tonight for Sure (1962)","Terrore alla 13ª ora (Dementia 13) (1963)","Buttati Bernardo! (You're a Big Boy Now) (1967)","Sulle ali dell'arcobaleno (Finian's Rainbow) (1968)","Non torno a casa stasera (The Rain People) (1969)","Il padrino (The Godfather) (1972)","La conversazione (The Conversation) (1974)","Il padrino - Parte II (The Godfather: Part II) (1974)","Apocalypse Now (1979)","Un sogno lungo un giorno (One from the Heart) (1982)","I ragazzi della 56ª strada (The Outsiders) (1983)","Rusty il selvaggio (Rumble Fish) (1983)","Cotton Club (The Cotton Club) (1984)","Peggy Sue si è sposata (Peggy Sue Got Married) (1986)","Giardini di pietra (Gardens of Stone) (1987)","Tucker - Un uomo e il suo sogno (Tucker: The Man and His Dream) (1988)","La vita senza Zoe (Life without Zoë), episodio di New York Stories (1989)","Il padrino - Parte III (The Godfather: Part III) (1990)","Dracula di Bram Stoker (Bram Stoker's Dracula) (1992)","Jack (1996)",
"L'uomo della pioggia - The Rainmaker (The Rainmaker) (1997)","Un'altra giovinezza (Youth Without Youth) (2007)","Segreti di famiglia (Tetro) (2009)","Twixt (2011)","Distant Vision (2015)"],
  "Premi Oscar": [
   "1971 - Miglior sceneggiatura originale per Patton, generale d'acciaio","1973 - Nomination al miglior regista per Il padrino","1973 - Miglior sceneggiatura non originale per Il padrino","1974 - Nomination al miglior film per American Graffiti","1975 - Miglior film per Il padrino - Parte II","1975 - Miglior regista per Il padrino - Parte II","1975 - Miglior sceneggiatura non originale per Il padrino - Parte II","1975 - Nomination al miglior film per La conversazione","1975 - Nomination miglior sceneggiatura originale per La conversazione","1980 - Nomination al miglior film per Apocalypse Now","1980 - Nomination al miglior regista per Apocalypse Now","1980 - Nomination miglior sceneggiatura non originale per Apocalypse Now","1991 - Nomination al miglior film per Il padrino - Parte III","1991 - Nomination al miglior regista per Il padrino - Parte III","2011 - Premio alla memoria Irving G. Thalberg"
  ]
},
  {
  "Nome": "George Lucas",
  "Film": [
    "Look at Life - cortometraggio (1965)","Herbie - cortometraggio (1966)","Freiheit - cortometraggio (1966)","1:42:08 - cortometraggio (1966)","The Emperor - cortometraggio (1967)","Electronic Labyrinth: THX 1138 4EB - cortometraggio (1967)","Anyone Lived in a Pretty How Town - cortometraggio (1967)","6.18.67 - cortometraggio (1967)","Filmmaker: The Making of The Rain People - documentario (1968)","Bald: The Making of THX 1138 - cortometraggio (1971)","L'uomo che fuggì dal futuro (THX1138) (1971)","American Graffiti (1973)","Guerre stellari (Star Wars) (1977)","Star Wars: Episodio I - La minaccia fantasma (Star Wars Episode I: The Phantom Menace) (1999)","Star Wars: Episodio II - L'attacco dei cloni (Star Wars: Episode II - Attack of the Clones) (2002)","Star Wars: Episodio III - La vendetta dei Sith (Star Wars: Episode III - Revenge of the Sith) (2005)"],
  "Premi Oscar": [
   "1973 – Candidatura alla miglior regia per American Graffiti","1973 – Candidatura alla miglior sceneggiatura originale per American Graffiti","1978 – Candidatura alla miglior regia per Guerre stellari","1978 – Candidatura alla miglior sceneggiatura originale per Guerre stellari","1992 – Premio alla memoria Irving G. Thalberg"
  ]
},
{
  "Nome": "Robert Altman",
  "Film": [
    "La storia di James Dean (The James Dean Story) (1957)","The Delinquents (1957)","Conto alla rovescia (Countdown) (1968)","Quel freddo giorno nel parco (That Cold Day in the Park) (1969)","M*A*S*H (1970)","Anche gli uccelli uccidono (Brewster McCloud) (1970)","I compari (McCabe & Mrs. Miller) (1971)","Images (1972)","Il lungo addio (The Long Goodbye) (1973)","Gang (Thieves Like Us) (1973)","California Poker (California Split) (1974)","Nashville (1975)","Buffalo Bill e gli indiani (Buffalo Bill and the Indians) (1976)","Tre donne (Three Women) (1977)","Un matrimonio (A Wedding) (1978)","Quintet (1979)","Una coppia perfetta (A Perfect Couple) (1979)","Health (1980)","Popeye - Braccio di Ferro (Popeye) (1980)","Jimmy Dean, Jimmy Dean (Come Back to the «5 and Dime», Jimmy Dean, Jimmy Dean) (1982)","Streamers (1983)","Secret Honor (1984)","Follia d'amore (Fool for Love) (1985)","Non giocate con il cactus (O.C. and Stiggs) (1985)","Terapia di gruppo (Beyond Therapy) (1987)","Vincent & Theo (1990)","I protagonisti (The Player) (1992)","America oggi (Short Cuts) (1993)","Prêt-à-Porter (1994)","Kansas City (1996)","Conflitto d'interessi (The Gingerbread Man) (1998)","La fortuna di Cookie (Cookie's Fortune) (1999)","Il dottor T e le donne (Dr. T & the Women) (2000)","Gosford Park (2001)","The Company (2003)","Radio America (A Prairie Home Companion) (2006)"],
  "Premi Oscar": [
   "Candidatura Miglior regista per M*A*S*H (1970)","Candidatura Miglior film per Nashville (1975)","Candidatura Miglior regista per Nashville (1975)","Candidatura Miglior regista per I protagonisti (1992)","Candidatura Miglior regista per America oggi (1993)","Candidatura Miglior film per Gosford Park (2001)","Candidatura Miglior regista per Gosford Park (2001)","Oscar alla carriera (2006)"
  ]
},
  {
  "Nome": "Brian De Palma",
  "Film": [
    "Icarus (1960)","660124: The Story of an IBM Card (1961)","Woton's Wake (1962)","Jennifer (1964)","Bridge That Gap (1965)","The Responsive Eye (1966)","Show Me a Strong Town and I'll Show You a Strong Bank (1966)","Murder à la Mod (1968)","Ciao America! (Greetings) (1968)","Oggi sposi (The Wedding Party) (1969)","Dionisio nel '69 (Dionysus) (1970)","Hi, Mom! (1970)","Conosci il tuo coniglio (Get to Know Your Rabbit) (1972)","Le due sorelle (Sisters) (1973)","Il fantasma del palcoscenico (Phantom of the Paradise) (1974)","Obsession - Complesso di colpa (Obsession) (1976)","Carrie - Lo sguardo di Satana (Carrie) (1976)","Fury (The Fury) (1978)","Home Movies - Vizietti familiari (Home Movies) (1980)","Vestito per uccidere (Dressed to Kill) (1980)","Blow Out (1981)","Scarface (1983)","Omicidio a luci rosse (Body Double) (1984)","Cadaveri e compari (Wise Guys) (1986)","The Untouchables - Gli intoccabili (The Untouchables) (1987)","Vittime di guerra (Casualties of War) (1989)","Il falò delle vanità (The Bonfire of the Vanities) (1990)","Doppia personalità (Raising Cain) (1992)","Carlito's Way (1993)","Mission: Impossible (1996)","Omicidio in diretta (Snake Eyes) (1998)","Mission to Mars (2000)","Femme fatale (2002)","Black Dahlia (2006)","Redacted (2007)","Passion (2012)","Domino (2019)"],
  "Premi Oscar": [
   ""
  ]
},
{
  "Nome": "Michael Cimino",
  "Film": [
    "Una calibro 20 per lo specialista (Thunderbolt and Lightfoot) (1974)","Il cacciatore (The Deer Hunter) (1978)","I cancelli del cielo (Heaven's Gate) (1980)","L'anno del dragone (Year of the Dragon) (1985)","Il siciliano (The Sicilian) (1987)","Ore disperate (Desperate Hours) (1990)","Verso il sole (The Sunchaser) (1996)","No Translation Needed, episodio di Chacun son cinéma - A ciascuno il suo cinema (2007)"],
  "Premi Oscar": [
   "1979 – Miglior film per Il cacciatore","1979 – Miglior regista per Il cacciatore","1979 – Candidatura per la migliore sceneggiatura originale per Il cacciatore"
  ]
},
    {
  "Nome": "Sydney Pollack",
  "Film": [
    "La vita corre sul filo (The Slender Thread) (1965)","Questa ragazza è di tutti (This Property Is Condemned) (1966)","Joe Bass l'implacabile (The Scalphunters) (1968)","Ardenne '44, un inferno (Castle Keep) (1969)","Non si uccidono così anche i cavalli? (They Shoot Horses, Don't They?) (1969)","Corvo rosso non avrai il mio scalpo! (Jeremiah Johnson) (1972)","Come eravamo (The Way We Were) (1973)","Yakuza (The Yakuza) (1975)","I tre giorni del Condor (Three Days of the Condor) (1975)","Un attimo, una vita (Bobby Deerfield) (1977)","Il cavaliere elettrico (The Electric Horseman) (1979)","Diritto di cronaca (Absence of Malice) (1981)","Tootsie (1982)","La mia Africa (Out of Africa) (1985)","Havana (1990)","Il socio (The Firm) (1993)","Sabrina (1995)","Destini incrociati (Random Hearts) (1999)","The Interpreter (2005)","Frank Gehry - Creatore di sogni (Sketches of Frank Gehry) (2005) - documentario"],
  "Premi Oscar": [
   "1970 – Candidatura al miglior regista per Non si uccidono così anche i cavalli?","1983 – Candidatura al miglior film per Tootsie","1983 – Candidatura al miglior regista per Tootsie","1986 – Miglior film per La mia Africa","1986 – Miglior regista per La mia Africa","2008 – Candidatura al miglior film per Michael Clayton","2009 – Candidatura al miglior film per The Reader - A voce alta"
  ]
},
{
  "Nome": "Roman Polański",
  "Film": [
    "Il coltello nell'acqua (Nóż w wodzie, 1962)","La collana di diamanti (La Rivière de Diamants), episodio di Le più belle truffe del mondo (Les plus belles escroqueries du monde, 1964)","Repulsione (Répulsion, 1965)","Cul-de-sac (1966)","Per favore, non mordermi sul collo! (The Fearless Vampire Killers, 1967)","Rosemary's Baby (1968)","Macbeth (The Tragedy of Macbeth, 1971)","Che? (What?, 1972)","Chinatown (1974)","L'inquilino del terzo piano (The Tenant, 1976)","Tess (1979)","Pirati (Pirates, 1986)","Frantic (1988)","Luna di fiele (Bitter Moon, 1992)","La morte e la fanciulla (The Death and the Maiden, 1994)","La nona porta (The Ninth Gate, 1999)","Il pianista (The Pianist, 2002)","Oliver Twist (2005)","Cinéma érotique, episodio di Chacun son cinéma - A ciascuno il suo cinema (Chacun son cinéma, 2007)","L'uomo nell'ombra (The Ghost Writer, 2010)","Carnage (2011)","Venere in pelliccia (La Vénus à la fourrure, 2013)","Quello che non so di lei (D'après une histoire vraie, 2017)","L'ufficiale e la spia (J'accuse, 2019)"],
  "Premi Oscar": [
   "1969 – Candidatura alla migliore sceneggiatura non originale per Rosemary's Baby - Nastro rosso a New York","1975 – Candidatura al miglior regista per Chinatown","1981 – Candidatura al miglior regista per Tess","2003 – Candidatura al miglior film per Il pianista","2003 – Miglior regista per Il pianista"
  ]
}
] 
}
